{
  "primary_metrics_v1": {
    "task_success": {
      "baseline_mean": 3.9818181818181815,
      "baseline_sd": 0.8072399665752209,
      "treatment_mean": 3.8545454545454545,
      "treatment_sd": 0.6875516509523286,
      "delta": -0.12727272727272698
    },
    "code_correctness": {
      "baseline_mean": 3.872727272727272,
      "baseline_sd": 0.7114645586266529,
      "treatment_mean": 3.8181818181818183,
      "treatment_sd": 0.6096198517407087,
      "delta": -0.054545454545453786
    },
    "convention_adherence": {
      "baseline_mean": 3.727272727272727,
      "baseline_sd": 0.863818162683454,
      "treatment_mean": 3.6181818181818177,
      "treatment_sd": 0.836442684011501,
      "delta": -0.10909090909090935
    },
    "hallucination_check": {
      "baseline_mean": 3.1818181818181817,
      "baseline_sd": 0.6660603303277892,
      "treatment_mean": 3.1090909090909093,
      "treatment_sd": 0.5393598899705937,
      "delta": -0.07272727272727231
    }
  },
  "primary_metrics_v2": {
    "task_success": {
      "baseline_mean": 3.9818181818181815,
      "baseline_sd": 0.8072399665752209,
      "treatment_mean": 3.909090909090909,
      "treatment_sd": 0.7660999222745627,
      "delta": -0.07272727272727231
    },
    "code_correctness": {
      "baseline_mean": 3.872727272727272,
      "baseline_sd": 0.7114645586266529,
      "treatment_mean": 3.8545454545454545,
      "treatment_sd": 0.7488172492185744,
      "delta": -0.018181818181817633
    },
    "convention_adherence": {
      "baseline_mean": 3.727272727272727,
      "baseline_sd": 0.863818162683454,
      "treatment_mean": 3.8181818181818183,
      "treatment_sd": 0.944264985920988,
      "delta": 0.09090909090909127
    },
    "hallucination_check": {
      "baseline_mean": 3.1818181818181817,
      "baseline_sd": 0.6660603303277892,
      "treatment_mean": 3.1636363636363636,
      "treatment_sd": 0.7089044043772436,
      "delta": -0.018181818181818077
    }
  },
  "per_category": {
    "api-change": {
      "task_success": {
        "baseline_mean": 3.9333333333333336,
        "treatment_mean": 4.0,
        "delta": 0.06666666666666643,
        "n": 3
      },
      "code_correctness": {
        "baseline_mean": 3.7999999999999994,
        "treatment_mean": 4.266666666666667,
        "delta": 0.46666666666666723,
        "n": 3
      },
      "convention_adherence": {
        "baseline_mean": 3.6,
        "treatment_mean": 4.066666666666666,
        "delta": 0.46666666666666634,
        "n": 3
      },
      "hallucination_check": {
        "baseline_mean": 3.1999999999999997,
        "treatment_mean": 3.6666666666666665,
        "delta": 0.4666666666666668,
        "n": 3
      }
    },
    "test-writing": {
      "task_success": {
        "baseline_mean": 3.0,
        "treatment_mean": 2.8,
        "delta": -0.20000000000000018,
        "n": 1
      },
      "code_correctness": {
        "baseline_mean": 3.0,
        "treatment_mean": 3.0,
        "delta": 0.0,
        "n": 1
      },
      "convention_adherence": {
        "baseline_mean": 3.8,
        "treatment_mean": 3.4,
        "delta": -0.3999999999999999,
        "n": 1
      },
      "hallucination_check": {
        "baseline_mean": 3.0,
        "treatment_mean": 3.0,
        "delta": 0.0,
        "n": 1
      }
    },
    "architecture": {
      "task_success": {
        "baseline_mean": 4.05,
        "treatment_mean": 4.05,
        "delta": 0.0,
        "n": 4
      },
      "code_correctness": {
        "baseline_mean": 3.8499999999999996,
        "treatment_mean": 3.7,
        "delta": -0.14999999999999947,
        "n": 4
      },
      "convention_adherence": {
        "baseline_mean": 3.8,
        "treatment_mean": 3.9000000000000004,
        "delta": 0.10000000000000053,
        "n": 4
      },
      "hallucination_check": {
        "baseline_mean": 3.05,
        "treatment_mean": 2.95,
        "delta": -0.09999999999999964,
        "n": 4
      }
    },
    "observability": {
      "task_success": {
        "baseline_mean": 4.9,
        "treatment_mean": 4.5,
        "delta": -0.40000000000000036,
        "n": 2
      },
      "code_correctness": {
        "baseline_mean": 4.9,
        "treatment_mean": 4.4,
        "delta": -0.5,
        "n": 2
      },
      "convention_adherence": {
        "baseline_mean": 4.6,
        "treatment_mean": 4.4,
        "delta": -0.1999999999999993,
        "n": 2
      },
      "hallucination_check": {
        "baseline_mean": 4.1,
        "treatment_mean": 3.4,
        "delta": -0.6999999999999997,
        "n": 2
      }
    },
    "security": {
      "task_success": {
        "baseline_mean": 3.0,
        "treatment_mean": 3.0,
        "delta": 0.0,
        "n": 1
      },
      "code_correctness": {
        "baseline_mean": 3.0,
        "treatment_mean": 3.0,
        "delta": 0.0,
        "n": 1
      },
      "convention_adherence": {
        "baseline_mean": 2.0,
        "treatment_mean": 2.0,
        "delta": 0.0,
        "n": 1
      },
      "hallucination_check": {
        "baseline_mean": 2.0,
        "treatment_mean": 2.2,
        "delta": 0.20000000000000018,
        "n": 1
      }
    }
  },
  "per_complexity": {
    "high": {
      "task_success": {
        "baseline_mean": 3.8,
        "treatment_mean": 4.0,
        "delta": 0.20000000000000018,
        "n": 5
      },
      "code_correctness": {
        "baseline_mean": 3.6799999999999997,
        "treatment_mean": 3.7600000000000002,
        "delta": 0.08000000000000052,
        "n": 5
      },
      "convention_adherence": {
        "baseline_mean": 3.4799999999999995,
        "treatment_mean": 3.8400000000000007,
        "delta": 0.3600000000000012,
        "n": 5
      },
      "hallucination_check": {
        "baseline_mean": 2.92,
        "treatment_mean": 2.96,
        "delta": 0.040000000000000036,
        "n": 5
      }
    },
    "medium": {
      "task_success": {
        "baseline_mean": 3.96,
        "treatment_mean": 3.8,
        "delta": -0.16000000000000014,
        "n": 5
      },
      "code_correctness": {
        "baseline_mean": 3.84,
        "treatment_mean": 3.9200000000000004,
        "delta": 0.08000000000000052,
        "n": 5
      },
      "convention_adherence": {
        "baseline_mean": 3.84,
        "treatment_mean": 3.7600000000000002,
        "delta": -0.07999999999999963,
        "n": 5
      },
      "hallucination_check": {
        "baseline_mean": 3.2,
        "treatment_mean": 3.4,
        "delta": 0.19999999999999973,
        "n": 5
      }
    },
    "low": {
      "task_success": {
        "baseline_mean": 5.0,
        "treatment_mean": 4.0,
        "delta": -1.0,
        "n": 1
      },
      "code_correctness": {
        "baseline_mean": 5.0,
        "treatment_mean": 4.0,
        "delta": -1.0,
        "n": 1
      },
      "convention_adherence": {
        "baseline_mean": 4.4,
        "treatment_mean": 4.0,
        "delta": -0.40000000000000036,
        "n": 1
      },
      "hallucination_check": {
        "baseline_mean": 4.4,
        "treatment_mean": 3.0,
        "delta": -1.4000000000000004,
        "n": 1
      }
    }
  },
  "consulted_docs": {
    "baseline": 1.0,
    "treatment_v1": 0.0,
    "treatment_v2": 0.4545454545454545
  }
}