{
  "baseline_vs_treatment_v2": {
    "task_success": {
      "b_mean": 3.9818181818181815,
      "b_sd": 0.8072399665752209,
      "t_mean": 3.909090909090909,
      "t_sd": 0.7660999222745627,
      "delta": -0.07272727272727231,
      "p": 0.66796875,
      "d": -0.0924179487078523,
      "ci_lo": -0.40000000000000036,
      "ci_hi": 0.290909090909091,
      "n": 11
    },
    "code_correctness": {
      "b_mean": 3.872727272727272,
      "b_sd": 0.7114645586266529,
      "t_mean": 3.8545454545454545,
      "t_sd": 0.7488172492185744,
      "delta": -0.018181818181817633,
      "p": 0.5625,
      "d": -0.024893651223305436,
      "ci_lo": -0.290909090909091,
      "ci_hi": 0.25500000000000034,
      "n": 11
    },
    "convention_adherence": {
      "b_mean": 3.727272727272727,
      "b_sd": 0.863818162683454,
      "t_mean": 3.8181818181818183,
      "t_sd": 0.944264985920988,
      "delta": 0.09090909090909127,
      "p": 0.65625,
      "d": 0.10045914293543369,
      "ci_lo": -0.2181818181818178,
      "ci_hi": 0.5095454545454547,
      "n": 11
    },
    "hallucination_check": {
      "b_mean": 3.1818181818181817,
      "b_sd": 0.6660603303277892,
      "t_mean": 3.1636363636363636,
      "t_sd": 0.7089044043772436,
      "delta": -0.018181818181818077,
      "p": 0.5,
      "d": -0.026434129249044452,
      "ci_lo": -0.36363636363636376,
      "ci_hi": 0.29136363636363605,
      "n": 11
    }
  },
  "pairwise": {
    "wins_t": 22,
    "wins_b": 3,
    "ties": 29,
    "win_rate": 0.4074074074074074
  }
}