{
  "exit_code": 0,
  "duration_s": 574.4,
  "token_usage": {
    "input": 7931,
    "output": 33230,
    "cache_read": 641342,
    "cache_create": 96076
  },
  "cost_usd": 1.7915510000000001,
  "num_turns": 11,
  "per_model_usage": {
    "claude-opus-4-6": {
      "input": 7931,
      "output": 33230,
      "cache_read": 641342,
      "cache_create": 96076,
      "cost_usd": 1.7915510000000001
    }
  },
  "per_model_turns": {
    "claude-opus-4-6": 11
  }
}
