{
  "exit_code": 0,
  "duration_s": 526.7,
  "token_usage": {
    "input": 5337,
    "output": 33090,
    "cache_read": 1118354,
    "cache_create": 69580
  },
  "cost_usd": 1.8479869999999998,
  "num_turns": 19,
  "per_model_usage": {
    "claude-opus-4-6": {
      "input": 5337,
      "output": 33090,
      "cache_read": 1118354,
      "cache_create": 69580,
      "cost_usd": 1.8479869999999998
    }
  },
  "per_model_turns": {
    "claude-opus-4-6": 19
  }
}
