{
  "exit_code": 0,
  "duration_s": 313.7,
  "token_usage": {
    "input": 2125,
    "output": 15580,
    "cache_read": 824651,
    "cache_create": 59423
  },
  "cost_usd": 1.1838442500000002,
  "num_turns": 14,
  "per_model_usage": {
    "claude-opus-4-6": {
      "input": 2125,
      "output": 15580,
      "cache_read": 824651,
      "cache_create": 59423,
      "cost_usd": 1.1838442500000002
    }
  },
  "per_model_turns": {
    "claude-opus-4-6": 14
  }
}
