{
  "exit_code": 0,
  "duration_s": 377.2,
  "token_usage": {
    "input": 10884,
    "output": 25683,
    "cache_read": 404018,
    "cache_create": 82165
  },
  "cost_usd": 1.4120352500000002,
  "num_turns": 8,
  "per_model_usage": {
    "claude-opus-4-6": {
      "input": 10884,
      "output": 25683,
      "cache_read": 404018,
      "cache_create": 82165,
      "cost_usd": 1.4120352500000002
    }
  },
  "per_model_turns": {
    "claude-opus-4-6": 8
  }
}
