{
  "exit_code": 0,
  "duration_s": 390.8,
  "token_usage": {
    "input": 2024,
    "output": 19889,
    "cache_read": 1131829,
    "cache_create": 62016
  },
  "cost_usd": 1.4608594999999998,
  "num_turns": 19,
  "per_model_usage": {
    "claude-opus-4-6": {
      "input": 2024,
      "output": 19889,
      "cache_read": 1131829,
      "cache_create": 62016,
      "cost_usd": 1.4608594999999998
    }
  },
  "per_model_turns": {
    "claude-opus-4-6": 19
  }
}
