{
  "exit_code": 0,
  "duration_s": 297.6,
  "token_usage": {
    "input": 3267,
    "output": 13014,
    "cache_read": 1353840,
    "cache_create": 76435
  },
  "cost_usd": 1.4963237500000002,
  "num_turns": 18,
  "per_model_usage": {
    "claude-opus-4-6": {
      "input": 3267,
      "output": 13014,
      "cache_read": 1353840,
      "cache_create": 76435,
      "cost_usd": 1.4963237500000002
    }
  },
  "per_model_turns": {
    "claude-opus-4-6": 18
  }
}
